ID1,ID2,locX,locY,time,Interpolation
539,3116,3696.39731196631,1521.79047989579,2,0
539,3116,3697.13170559917,1522.07596268035,3,0
539,3116,3704.29082644708,1520.26973457172,5,0
539,664,3617.03856709142,1558.72217870689,55,0
3116,664,3753.59193685044,1488.0484874862,60,1
630,702,3492.62911779138,2396.83857172892,1280,0
